"Status","Start Time","Stop Time","Duration in ms","Parent Suite","Suite","Sub Suite","Test Class","Test Method","Name","Description"
"passed","Thu Jan 21 14:52:32 CST 2021","Thu Jan 21 14:52:32 CST 2021","0","testcase","test_number","TestNumber","","","test_subtraction[0-0-0]",""
"passed","Thu Jan 21 14:52:32 CST 2021","Thu Jan 21 14:52:32 CST 2021","0","testcase","test_number","TestNumber","","","test_multiplication[5-50-250]",""
"passed","Thu Jan 21 14:52:32 CST 2021","Thu Jan 21 14:52:32 CST 2021","0","testcase","test_number","TestNumber","","","test_add[2-3-5]",""
"passed","Thu Jan 21 14:52:32 CST 2021","Thu Jan 21 14:52:32 CST 2021","0","testcase","test_number","TestNumber","","","test_division[1000-100-10]",""
"passed","Thu Jan 21 14:52:32 CST 2021","Thu Jan 21 14:52:32 CST 2021","0","testcase","test_number","TestNumber","","","test_division[4-2-2]",""
"passed","Thu Jan 21 14:52:32 CST 2021","Thu Jan 21 14:52:32 CST 2021","0","testcase","test_number","TestNumber","","","test_multiplication[0-3-0]",""
"failed","Thu Jan 21 14:52:32 CST 2021","Thu Jan 21 14:52:32 CST 2021","0","testcase","test_number","TestNumber","","","test_subtraction[10.9-9.1-1.8]",""
"passed","Thu Jan 21 14:52:32 CST 2021","Thu Jan 21 14:52:32 CST 2021","0","testcase","test_number","TestNumber","","","test_add[3.2-1.3-4.5]",""
"passed","Thu Jan 21 14:52:32 CST 2021","Thu Jan 21 14:52:32 CST 2021","0","testcase","test_number","TestNumber","","","test_subtraction[100-99-1]",""
"passed","Thu Jan 21 14:52:32 CST 2021","Thu Jan 21 14:52:32 CST 2021","0","testcase","test_number","TestNumber","","","test_division[8-4.0-2]",""
"passed","Thu Jan 21 14:52:32 CST 2021","Thu Jan 21 14:52:32 CST 2021","0","testcase","test_number","TestNumber","","","test_subtraction[10-0-10]",""
"passed","Thu Jan 21 14:52:32 CST 2021","Thu Jan 21 14:52:32 CST 2021","0","testcase","test_number","TestNumber","","","test_add[0-100-100]",""
"passed","Thu Jan 21 14:52:32 CST 2021","Thu Jan 21 14:52:32 CST 2021","0","testcase","test_number","TestNumber","","","test_multiplication[1-3-3]",""
